cities,population,sites,individuals,age_raw,age_scaled,eduLevel,pre_income_raw,pre_income_raw_25pct,tanf_receipt,snap_receipt,pre_income_scaled,gender,numChild,maritalStatus,favAnimals,treatment,probs_01,employed_01,probs_02,employed_02
1,1113.7034113053232,01,001,27.439288273453712,-0.9049101796231428,2,7774.085619789397,16749.469100279282,1,1,-1.5109700821317067,0,3,0,dog,0,1.1311377245289285,1,-0.9002299693035554,0
1,1113.7034113053232,01,002,32.65459787566215,0.9075018783502089,5,29456.054864180158,16749.469100279282,0,0,0.4712402448341641,0,1,0,cat,1,0.865622652062239,0,0.5662084218564087,1
1,1113.7034113053232,01,003,25.737798800691962,-1.496207776920583,3,21378.5139159728,16749.469100279282,0,0,-0.26722520097254227,1,2,0,cat,1,3.870259721150729,1,7.07775759340592,1
1,1113.7034113053232,01,004,28.096866018604487,-0.6763903168979232,NA,7887.6803832679325,16749.469100279282,1,1,-1.5005850146722715,0,1,0,croc,0,0.8454878961224039,1,-0.4980438466471213,1
1,1113.7034113053232,01,005,32.172717433422804,0.7400399267824075,3,31355.188370866905,16749.469100279282,0,0,0.6448629451899109,1,2,0,cat,1,1.0749500915219907,1,1.243579090121021,1
1,1113.7034113053232,01,006,30.045459121465683,7.801494946859417e-4,1,11980.657288859251,16749.469100279282,1,1,-1.1263966280525994,1,1,0,dog,1,1.9990248131316426,1,0.6104188480339459,NA
1,1113.7034113053232,01,007,26.52998958947137,-1.2209075076534937,2,19955.960153624914,16749.469100279282,0,0,-0.39727799860390256,1,2,0,dog,0,1.5261343845668671,1,3.502360059781637,1
1,1113.7034113053232,02,008,30.03933488158509,-0.0013481318638752795,3,13849.68025245194,16749.469100279282,1,1,-0.9555266956211513,1,4,0,dog,0,0.0016851648298440993,0,-2.3527892080523425,0
1,1113.7034113053232,02,009,29.93960923049599,-0.03600455426430101,1,20838.740127652552,16749.469100279282,0,0,-0.31657243347591285,1,2,1,dog,1,2.0450056928303764,1,NA,1
1,1113.7034113053232,02,010,32.512001970317215,0.8579472865853507,NA,41185.69434699169,16749.469100279282,0,0,1.543588067688432,0,3,0,dog,0,-1.0724341082316884,0,-1.6408443523367486,0
1,1113.7034113053232,02,011,26.74649823922664,-1.1456669337658352,2,15340.004881477636,16749.469100279282,1,1,-0.8192781456445127,1,2,0,croc,0,NA,1,2.1067483497801947,1
1,1113.7034113053232,02,012,33.48392410436645,1.1957073678691363,2,20846.06054417584,16749.469100279282,0,0,-0.31590318590588834,0,2,0,dog,1,0.5053657901635795,1,-2.358999615463769,0
1,1113.7034113053232,02,013,33.6483383201994,1.2528442072912267,2,41905.914077463225,16749.469100279282,0,0,1.6094320402231035,0,2,0,cat,1,0.4339447408859667,1,-0.03819700870945497,1
1,1113.7034113053232,02,014,25.418572751805186,-1.607144458412433,2,30339.64328323742,16749.469100279282,0,0,0.5520197196734185,0,3,0,dog,0,2.008930573015541,1,4.6025784948809525,1
1,1113.7034113053232,02,015,28.171821553260088,-0.650341946775443,2,41458.28453833376,16749.469100279282,0,0,1.568508824941496,1,2,0,dog,1,2.8129274334693037,1,6.537900629635969,1
1,1113.7034113053232,02,016,25.137499391566962,-1.704822407781945,1,16748.698129235938,16749.469100279282,1,1,-0.6904925048311911,0,2,0,croc,1,4.131028009727431,1,4.837754209320502,1
1,1113.7034113053232,02,017,27.390257266815752,-0.9219493190843133,2,20531.699676592456,16749.469100279282,0,0,-0.3446427044936174,NA,3,0,croc,0,1.1524366488553917,1,2.444696779443636,1
1,1113.7034113053232,02,018,32.06494617275894,0.7025875131716277,4,24585.585595130862,16749.469100279282,0,0,0.02597190350132844,1,3,0,cat,1,1.1217656085354655,1,0.6709793948825907,1
NA,1113.7034113053232,02,019,28.08094757143408,-0.6819222580090778,4,46154.33874825064,16749.469100279282,0,0,1.997831782001633,1,3,0,cat,0,0.8524028225113472,0,4.973753460164165,1
1,1113.7034113053232,02,020,30.085475656669587,0.014686601163664341,1,9472.530053380147,16749.469100279282,1,1,-1.3556947905706203,0,2,0,croc,0,-0.018358251454580428,1,-3.3581806058630286,0
1,1113.7034113053232,02,021,NA,-1.5731247611335522,1,18986.25194526158,16749.469100279282,0,0,-0.48593072212248445,1,2,0,cat,0,1.9664059514169403,1,4.623654813386697,1
1,1113.7034113053232,02,022,30.645698399748653,0.20937388382804392,1,16468.77838432154,16749.469100279282,1,NA,-0.7160833449821389,1,3,0,cat,0,-0.2617173547850549,1,-2.5806126669746177,0
1,1113.7034113053232,02,023,26.21480187168345,-1.3304407978731259,1,37551.142692112975,16749.469100279282,0,0,1.2113098625592873,0,2,0,dog,0,1.6630509973414074,1,4.625707282400237,1
1,1113.7034113053232,02,024,33.928363816812634,1.350158005572136,2,17150.847326663876,16749.469100279282,0,0,-0.653727196148313,1,2,0,dog,0,-1.68769750696517,0,-4.472643971756488,0
1,1113.7034113053232,02,025,25.146272557321936,-1.7017735779686236,4,16734.992363975383,16749.469100279282,1,1,-0.6917455141465451,1,3,0,dog,1,4.127216972460779,1,6.06564194037194,1
1,1113.7034113053232,02,026,32.83121103653684,0.9688780663008798,NA,18434.035204681728,16749.469100279282,0,0,-0.5364155149732999,1,2,0,croc,1,0.7889024171239003,1,-1.380900953599312,0
1,1113.7034113053232,02,027,25.89961332967505,-1.4399743745239093,3,25472.557258909434,16749.469100279282,0,0,0.10706068154776123,1,2,0,dog,1,3.7999679681548866,1,7.163960001630066,1
1,1113.7034113053232,02,028,NA,0.05167087056798762,2,15592.616113182312,16749.469100279282,1,1,-0.7961839060692898,0,3,0,croc,1,1.9354114117900154,1,-0.9306750793153297,0
1,1113.7034113053232,02,029,28.842666875571012,-0.4172113670153295,3,27070.44250161761,16749.469100279282,0,0,0.2531426445697281,1,1,0,croc,1,2.5215142087691618,1,4.909711062305017,NA
1,1113.7034113053232,03,030,25.700524973217398,-1.5091610892863747,1,14966.30048042393,16749.469100279282,1,1,-0.8534429724022525,0,2,1,cat,1,3.8864513616079686,1,3.9549759503829924,1
1,1113.7034113053232,03,031,28.206444222014397,-0.6383099588177279,3,20086.99820284693,16749.469100279282,0,0,-0.3852982300014477,0,1,0,cat,1,2.79788744852216,1,3.771356899198638,1
1,1113.7034113053232,03,032,31.684953970834613,0.5705335218971965,1,20469.47680867537,16749.469100279282,0,0,-0.35033124735466736,0,1,0,cat,0,-0.7131669023714957,0,-2.390890464843318,0
1,1113.7034113053232,03,033,34.26400476368144,1.4667991535870162,1,14613.399147204293,16749.469100279282,1,1,-0.8857059398118646,1,2,0,cat,0,-1.8334989419837702,1,-5.8920135380728915,0
1,1113.7034113053232,03,034,29.719097211491317,-0.11263636956494613,1,7189.961685263585,16749.469100279282,1,1,-1.5643718964316022,0,2,0,cat,0,0.14079546195618267,1,-3.035791244333778,0
1,1113.7034113053232,03,035,26.426153432112187,-1.2569924034709368,2,6623.75827863816,16749.469100279282,1,1,-1.616135379126631,0,2,0,dog,1,3.571240504338671,1,2.552644864288544,1
1,1113.7034113053232,04,036,30.442697550170124,0.13882750870984106,1,13118.451497088678,16749.469100279282,1,1,-1.022377135907171,1,2,0,cat,1,1.8264656141126987,1,NA,1
1,1113.7034113053232,04,037,26.96174651850015,-1.070864360847033,2,35968.60425289886,16749.469100279282,0,0,1.066630935951078,1,3,0,cat,1,3.338580451058791,1,6.3626106166202945,1
1,1113.7034113053232,04,038,33.9858048921451,1.3701197922149515,1,23238.88144952126,16749.469100279282,0,0,NA,0,1,0,croc,1,0.2873502597313107,1,-2.4922572108927428,0
1,1113.7034113053232,04,039,28.894997846800834,-0.39902543166410465,3,38663.454476178755,16749.469100279282,0,0,1.3129996989541721,1,2,0,cat,1,2.4987817895801308,1,5.549982588030787,1
1,1113.7034113053232,NA,040,28.108707796782255,-0.6722750901531592,1,24497.501612284508,16749.469100279282,0,0,0.017919084199248776,0,2,0,dog,0,0.840343862691449,1,1.133912437690193,1
1,1113.7034113053232,04,041,26.600286629982293,-1.1964780463981377,5,38059.92539137072,NA,0,0,1.2578238258106273,0,3,0,dog,1,3.495597557997672,1,6.92993371862615,1
1,1113.7034113053232,04,042,33.96185849560425,1.3617979971258796,4,16750.24007132263,16749.469100279282,0,0,-0.6903515373068221,0,5,0,cat,0,-1.7022474964073495,0,-6.386611226034632,0
1,1113.7034113053232,04,043,26.6639378038235,-1.1743581410093735,2,23483.32953439529,16749.469100279282,0,0,-0.07479861793624899,0,3,0,cat,1,3.467947676261717,1,4.486781884356039,1
1,1113.7034113053232,04,044,34.00424596155062,1.3765283890388766,5,55234.61085171647,16749.469100279282,0,0,2.827968977210805,1,2,0,cat,0,-1.7206604862985957,0,0.5861033504374,0
1,1113.7034113053232,04,045,26.34078195085749,-1.2866604987202654,3,5706.854749233261,16749.469100279282,1,1,-1.6999605900349088,0,2,0,cat,0,1.6083256234003318,1,0.7707755178032357,1
1,1113.7034113053232,04,046,26.31614134181291,-1.295223544896718,3,19301.434341791377,16749.469100279282,0,0,-0.4571160976648448,1,2,0,croc,1,3.6190294311208975,1,6.104172373136022,1
1,1113.7034113053232,04,047,26.052875025197864,-1.3867132325826204,1,25577.276697665337,16749.469100279282,0,0,0.11663434852405406,1,3,0,cat,0,1.7333915407282754,1,4.238938531559458,1
1,1113.7034113053232,04,048,30.115835811011493,0.025237290194264267,2,26382.538509741433,16749.469100279282,0,0,0.19025304347822355,1,3,0,cat,0,-0.031546612742830334,1,0.05037432728869895,1
1,1113.7034113053232,04,049,28.00199053948745,-0.7093612190059976,3,33784.244930633235,16749.469100279282,0,0,0.866932303525462,1,2,0,dog,0,0.886701523757497,NA,4.030869516304235,1
1,1113.7034113053232,04,050,25.267168954014778,-1.6597599481279615,1,20127.610758074366,16749.469100279282,0,0,-0.3815853464774052,0,2,0,dog,1,4.074699935159952,1,5.718374360744088,1
1,1113.7034113053232,05,051,28.09647431364283,-0.6765264412797576,4,35126.5162446318,16749.469100279282,0,0,0.9896455142217797,0,3,1,cat,0,0.845658051599697,1,2.7914571633187837,1
1,1113.7034113053232,05,052,32.4211965710856,0.8263908090127118,3,25970.137420516246,16749.469100279282,0,0,0.1525504857123684,1,2,1,dog,1,0.9670114887341104,1,0.34846130991618496,1
1,1113.7034113053232,05,053,25.354567270260304,-1.629387491976387,2,15093.695303043987,16749.469100279282,1,1,-0.8417962750864729,1,2,1,croc,0,2.036734364970484,1,3.49829849570159,1
1,1113.7034113053232,05,054,30.650761120487005,0.21113326856494513,4,18747.71221660969,16749.469100279282,0,0,-0.5077385158793981,1,3,1,dog,1,1.7360834142938186,1,1.0776025326541891,1
1,1113.7034113053232,05,055,27.802577761467546,-0.77866067598247235,2,22052.53301431642,16749.469100279282,0,0,-0.20560498547230138,0,2,0,dog,1,2.97332584497809,1,3.5701000316940523,1
1,1113.7034113053232,05,056,27.041963164228946,-1.0429876618477092,2,18485.161315515244,16749.469100279282,0,0,-0.5317414605214417,1,2,1,croc,1,3.3037345773096365,1,4.985462986528511,1
1,1113.7034113053232,05,057,26.337388986721635,-1.287839613591891,3,18424.029468703226,16749.469100279282,0,NA,-0.5373302599838626,0,2,1,dog,0,1.6097995169898638,1,2.916430071995529,1
1,1113.7034113053232,05,058,28.25681924354285,-0.6208037504806095,3,29864.253724717295,16749.469100279282,0,0,0.5085586261902183,0,1,1,croc,1,2.776004688100762,NA,4.663288652878865,1
1,1113.7034113053232,05,059,26.550619695335627,-1.2137381820568287,2,23036.664334808895,16749.469100279282,0,0,-0.11563367130878689,0,3,1,croc,0,1.5171727275710358,1,2.557967774862713,1
1,1113.7034113053232,05,060,26.299621395301074,-1.30096451763637,1,29014.597094466415,16749.469100279282,NA,0,0.43088126543600425,1,2,1,croc,0,1.6262056470454624,1,4.783961698454249,1
1,1113.7034113053232,05,061,29.35531059745699,-0.23905863326448043,5,23407.044932514465,16749.469100279282,0,0,-0.08177271350534807,0,2,1,dog,0,0.29882329158060056,1,NA,0
1,1113.7034113053232,05,062,25.386426525656134,-1.6183158388931258,3,21362.87152858856,16749.469100279282,0,0,-0.268655260274903,0,2,1,cat,0,2.022894798616407,NA,4.410469385269514,1
1,1113.7034113053232,05,063,32.133015629369766,0.7262428497385917,4,28656.969918444553,16749.469100279282,0,0,0.39818625173481237,1,3,1,cat,1,1.0921964378267606,0,0.6891285946467387,1
1,1113.7034113053232,05,064,26.00769041106105,-1.4024156828190855,2,12182.362017808126,16749.469100279282,1,1,-1.1079563659060352,0,3,1,cat,1,3.7530196035238568,1,3.1436313021214346,1
1,1113.7034113053232,06,065,34.50304938480258,1.5498713749428035,1,14908.182691328475,16749.469100279282,1,1,-0.8587562204945696,1,3,1,cat,0,-1.9373392186785043,1,-6.643366068137672,0
1,1113.7034113053232,06,066,26.21817762730643,-1.329267663263193,3,19859.60237212255,16749.469100279282,NA,0,-0.40608722563603294,1,1,0,cat,0,1.6615845790789914,1,4.6463063294897555,1
1,1113.7034113053232,06,067,27.196566208731383,-0.9892603774815127,4,12746.512319570398,16749.469100279282,1,1,-1.0563805822901908,1,3,1,cat,0,1.2365754718518909,1,1.455226017809347,1
1,1113.7034113053232,06,068,34.13087766850367,1.4205351403363005,1,14913.674986129214,16749.469100279282,1,1,-0.8582541035812001,1,3,1,cat,1,0.22433107457962453,1,-4.265668954256087,0
1,1113.7034113053232,06,069,34.45853121113032,1.5344005245203498,1,13389.220453338985,16749.469100279282,1,1,-0.9976228797207787,1,5,0,cat,0,-1.9180006556504372,0,-7.732674034292891,0
1,NA,06,070,27.791562229394913,-0.7824887676349754,5,48544.74217616745,16749.469100279282,0,0,2.2163673913378164,1,3,1,croc,1,2.978110959543719,1,7.905982233517333,1
1,1113.7034113053232,06,071,NA,-1.3235220671687429,5,28148.4667068028,16749.469100279282,0,0,0.35169783981750646,0,2,1,cat,0,1.6544025839609287,1,4.572057692659563,1
1,1113.7034113053232,06,072,32.97160459449515,1.0176673035108172,1,20918.31345710742,16749.469100279282,0,0,-0.30929767565209115,0,2,0,croc,1,0.7279158706114783,1,-2.243341807585103,0
1,1113.7034113053232,06,073,32.442772150970995,0.8338887035050149,3,27168.581984203407,16749.469100279282,0,0,0.2621147583879866,1,1,1,croc,1,0.9576391206187314,1,1.0269150754414558,0
1,1113.7034113053232,06,074,34.159742237534374,1.4305660870968333,4,18673.43222440309,16749.469100279282,0,0,-0.51452934589946,0,5,0,cat,1,0.2117923911289583,1,-4.3339579960359425,0
1,1113.7034113053232,06,075,34.94598245015368,1.703798426210765,3,29428.35361788516,16749.469100279282,0,0,0.46870773979014124,0,1,1,dog,1,-0.12974803276345614,0,-2.334979533156739,0
1,1113.7034113053232,06,076,34.42360715009272,1.5222637974291833,5,33272.62463511461,16749.469100279282,0,0,0.8201589213740825,1,3,1,croc,1,0.09717025321352102,1,-0.9074607400241024,0
1,1113.7034113053232,06,077,29.86135407583788,-0.06319960052595874,1,17951.161149437456,16749.469100279282,0,0,-0.5805608565767479,1,2,1,dog,0,0.07899950065744843,1,-0.2354334857256939,NA
1,1113.7034113053232,06,078,27.8345954278484,-0.7675339722883614,1,21730.699714839084,16749.469100279282,0,0,-0.23502764918862948,1,2,1,dog,0,0.9594174653604517,1,2.3452354108970743,1
1,1113.7034113053232,06,079,27.51545701175928,-0.8784401998376337,2,22702.164025643862,16749.469100279282,0,0,-0.14621437916454305,0,2,1,cat,1,3.0980502497970424,NA,4.164199260332348,1
1,1113.7034113053232,06,080,30.032551707699895,-0.003705404409239433,2,37484.49063366792,16749.469100279282,0,0,1.205216393969136,0,2,1,cat,0,0.004631755511549291,1,1.0987343706274584,1
1,1113.7034113053232,06,081,29.969661731738597,-0.02556078011112376,1,17590.630834326807,16749.469100279282,0,0,-0.6135212812384272,0,5,0,dog,1,2.031950975138905,1,-0.9408907946581371,0
1,1113.7034113053232,06,082,28.184458096511662,-0.645950525151968,4,18547.16194041713,16749.469100279282,0,0,-0.5260732355750085,0,3,1,croc,0,0.8074381564399601,1,0.7967171989417094,1
1,1113.7034113053232,06,083,34.622228268999606,1.5912881389030935,4,37458.18002078108,16749.469100279282,0,0,1.2028110234981588,1,2,0,dog,1,NA,0,-0.3617538818358274,0
1,1113.7034113053232,06,084,31.340993682388216,0.451001255973758,1,9764.080515545158,16749.469100279282,1,1,-1.3290406462712197,0,2,1,croc,0,-0.5637515699671976,0,-4.293311193265703,0
1,1113.7034113053232,07,085,26.274333980400115,-1.3097523402542381,1,6880.652622661568,16749.469100279282,1,1,NA,1,1,1,dog,1,3.637190425317798,1,3.860784431239156,1
1,1113.7034113053232,07,086,29.230469937901944,-0.28244296400624563,2,15783.792384076134,16749.469100279282,1,1,-0.7787061772631485,NA,1,1,dog,1,2.353053705007807,1,2.136761873135896,1
1,1113.7034113053232,07,087,34.143169096205384,1.424806628220137,1,12193.939644542455,16749.469100279282,1,1,-1.1068979154020302,1,3,1,dog,1,0.2189917147248286,1,-4.580903400672938,0
1,1113.7034113053232,07,088,29.67792333336547,-0.12694501830886912,1,12963.482668511688,16749.469100279282,1,NA,-1.0365447056929544,1,3,1,cat,1,2.1586812728860862,1,-0.06999195867211448,0
1,1113.7034113053232,07,089,34.081691454630345,1.4034420636237839,2,37738.38356709783,16749.469100279282,0,0,1.2284278093583827,1,1,1,croc,1,0.2456974204702702,0,0.4216443478317759,0
1,1113.7034113053232,07,090,30.977432837244123,0.32465745094497994,3,NA,16749.469100279282,0,0,1.7924083619028832,0,1,1,cat,0,-0.40582181368122494,0,1.5472469388740637,1
1,1113.7034113053232,07,091,31.31742815952748,0.44281182120517626,4,37273.55564889227,16749.469100279282,0,0,1.1859322828061771,1,1,1,cat,0,-0.5535147765064703,0,1.6390642159055184,1
1,1113.7034113053232,07,092,33.69158318731934,1.2678725612321782,3,15821.495088124739,16749.469100279282,1,1,-0.7752593183327026,1,1,1,cat,0,-1.5848407015402226,0,-4.226128144938629,0
1,1113.7034113053232,07,093,30.027498225681484,-0.0054615785280379605,3,26048.651484414324,16749.469100279282,0,0,0.15972840329525076,1,2,NA,dog,1,2.0068269731600474,1,2.9191647806332397,1
1,1113.7034113053232,07,094,34.83635114738718,1.665699615167755,2,25996.454261718827,16749.469100279282,0,0,0.15495642558881076,1,2,1,croc,1,-0.08212451895969375,1,-2.5289910318318674,0
1,1113.7034113053232,07,095,28.243860274087638,-0.6253072208957867,2,20651.930993628263,16749.469100279282,0,0,-0.3336509096263343,1,4,1,cat,1,2.7816340261197334,1,3.0259633649111493,1
1,1113.7034113053232,07,NA,29.813749485183507,-0.07974303527819979,3,27446.24439437709,16749.469100279282,0,0,0.287499228343311,0,2,1,cat,0,0.09967879409774974,0,0.3031953449953111,1
1,1113.7034113053232,07,097,28.569870775099844,-0.51201282264755,3,18093.671614216957,16749.469100279282,0,0,-0.5675322560929743,0,2,1,cat,0,0.6400160283094375,1,0.7298663579101192,1
1,1113.7034113053232,NA,098,31.27477684058249,0.4279897357221525,1,9464.368798042413,16749.469100279282,1,1,-1.3564409093584995,1,2,1,croc,0,-0.5349871696526907,1,-3.5649683814472577,0
1,1113.7034113053232,08,099,32.41600190522149,0.8245855710177769,1,28466.97284050191,16749.469100279282,0,0,0.38081632717924274,1,2,0,dog,1,0.969268036227779,NA,0.3208788934228257,1
1,1113.7034113053232,08,100,30.659668173175305,NA,2,24020.40517568212,16749.469100279282,0,0,-0.025698055597060492,1,2,1,dog,1,1.7322142169391581,1,1.8816734871273848,1
1,1113.7034113053232,08,101,34.80786506552249,1.6558001993719778,2,18580.632977045276,16749.469100279282,0,0,-0.5230132444039699,1,3,1,NA,0,-2.069750249214972,0,-5.6256555828528345,0
1,1113.7034113053232,NA,102,30.768127355258912,0.2519201048842043,2,24530.953168299482,16749.469100279282,0,0,0.02097729441247066,0,1,1,cat,0,-0.3149001311052554,1,-0.8439994208613207,0
1,1113.7034113053232,08,103,29.390420517884195,-0.2268573167578243,4,NA,16749.469100279282,0,0,2.8116514166418543,0,1,1,croc,1,2.2835716459472803,1,6.714223261920916,1
1,1113.7034113053232,08,104,27.285996950231493,-0.958181617712455,3,29313.513543288187,16749.469100279282,0,0,0.45820882342097685,1,4,0,croc,1,3.197727022140569,1,5.064506151404164,1
1,1113.7034113053232,08,105,25.821580656338483,-1.4670921046029057,4,45844.63356960229,16749.469100279282,0,0,1.969517896094319,0,3,1,cat,1,3.8338651307536322,1,8.286949306136018,1
1,1113.7034113053232,08,106,33.50264921784401,1.2022146750171674,3,40515.70423465301,16749.469100279282,0,0,1.4823361903947525,1,1,1,croc,1,0.4972316562285408,1,1.4240116771089646,1
1,1113.7034113053232,08,107,NA,-0.9371166050796841,3,22270.66444992214,16749.469100279282,0,0,-0.18566295993855486,1,2,1,cat,0,1.1713957563496051,0,3.4542830931477524,1
1,1113.7034113053232,NA,108,34.88167446805164,1.6814502683686474,1,22597.58263528692,16749.469100279282,0,0,-0.15577542547160816,1,2,1,cat,0,-2.101812835460809,0,-5.150066587694135,0
1,1113.7034113053232,08,109,31.01897545857355,0.33909424445487846,2,16851.959469193418,16749.469100279282,NA,0,-0.6810521402530058,1,3,1,croc,0,-0.42386780556859804,1,-1.9541383263883563,0
1,1113.7034113053232,08,110,34.98740808106959,1.718194563488858,3,14542.671000470955,16749.469100279282,1,1,-0.8921720527964243,0,1,1,croc,0,-2.1477432043610727,0,-6.9054272708704865,0
1,1113.7034113053232,08,111,28.7559937662445,-0.4473318009736305,1,9863.89762266021,16749.469100279282,1,1,-1.319915160559976,1,3,0,dog,1,2.559164751217038,1,0.7320432141038087,NA
1,1113.7034113053232,08,112,30.551266309339553,0.17655706711507088,1,15785.192896805105,16749.469100279282,1,1,-0.7785781395022273,0,1,1,cat,0,-0.2206963338938386,0,-2.4524318835497856,0
1,1113.7034113053232,08,113,29.294439628720284,-0.26021236835092904,3,46034.734723835354,16749.469100279282,0,0,1.9868973355189183,1,3,1,croc,0,0.3252654604386613,1,3.689601014452014,1
1,1113.7034113053232,08,114,30.758777807932347,0.2486709723103523,2,22625.076398962497,16749.469100279282,0,0,-0.15326188891639006,1,1,1,croc,0,-0.3108387153879404,0,-0.011426093807290719,1
1,1113.7034113053232,08,115,29.325073973741382,-0.249566393223998,2,15830.529233293057,16749.469100279282,1,1,-0.774433398156998,1,1,1,dog,0,0.31195799152999754,1,NA,0
1,1113.7034113053232,08,NA,27.24845763994381,-0.9712271900375556,1,18417.521127009022,16749.469100279282,0,0,-0.5379252659988726,1,2,1,croc,1,3.2140339875469444,1,4.542051656361651,1
1,1113.7034113053232,08,117,25.84984737681225,-1.457268920758878,1,22059.307515911016,16749.469100279282,0,0,-0.20498564657049353,1,1,1,croc,NA,3.8215861509485975,1,6.887772040568063,1
1,1113.7034113053232,08,118,31.372982596512884,0.462117967751803,1,9429.699560194096,16749.469100279282,1,1,-1.3596104425552478,1,1,1,croc,0,-0.5776474596897538,0,-3.006606385332563,0
1,NA,08,119,29.310163704212755,-0.25474797482557227,2,14230.348253027103,16749.469100279282,1,1,-0.9207252422392936,0,3,1,dog,0,0.31843496853196535,1,-2.234903868487618,0
1,1113.7034113053232,08,120,25.72716093622148,-1.4999046224212267,1,6798.651749906485,16749.469100279282,1,1,-1.6001462574301932,0,1,1,cat,1,3.874880778026533,1,3.478306809718927,1
1,1113.7034113053232,08,121,33.02402019267902,1.035882648220958,1,9547.325314213826,16749.469100279282,1,1,-1.3488568536304144,0,3,1,cat,1,0.7051466897238026,1,-4.8598833979966445,0
1,1113.7034113053232,08,122,28.25278303353116,-0.6222064046376329,4,21377.228953858812,16749.469100279282,0,0,-0.2673426748580272,0,1,NA,croc,1,2.777758005797041,1,4.248467920883643,1
1,1113.7034113053232,09,123,32.572890350129455,NA,2,19451.46461692723,16749.469100279282,0,0,-0.443400020615766,0,2,1,dog,1,0.9011161595905144,0,-1.7714279261361683,0
1,1113.7034113053232,09,124,30.84271517349407,0.27784068706595677,1,28489.80131148298,16749.469100279282,0,0,0.3829033530585562,1,2,1,croc,0,-0.347300858832446,1,-0.09604350700254521,0
1,1113.7034113053232,09,125,32.08839406725019,0.7107360700074563,3,34883.957628654614,16749.469100279282,0,0,0.9674703055004173,1,3,1,croc,1,1.1115799124906796,1,1.3773963966637957,1
1,1113.7034113053232,NA,126,29.269757664296776,-0.26878978625085415,1,18730.952014800998,16749.469100279282,0,0,-0.5092707680808818,1,1,1,croc,1,2.335987232813568,1,2.6961627976829208,1
2,1622.2994048148394,10,127,28.435727020259947,-0.5586301430594962,2,17440.85568720905,16749.469100279282,0,0,-0.6272140339581304,1,2,1,croc,0,0.6982876788243703,0,1.4559001718274414,1
2,1622.2994048148394,10,128,32.591199851594865,0.8854699469721423,1,16510.212228876855,16749.469100279282,1,1,-0.7122953774946058,1,3,1,croc,1,0.8931625662848222,1,-2.737504598056065,0
2,1622.2994048148394,10,129,29.24030208028853,-0.27902612113854464,1,20839.440705587527,16749.469100279282,0,0,-0.31650838519681523,1,2,1,dog,1,2.3487826514231807,1,2.7325663327019143,1
2,1622.2994048148394,10,130,30.60887253843248,0.19657624760210907,1,13566.17218610952,16749.469100279282,NA,1,-0.9814455875145829,1,3,1,cat,1,1.7542796904973637,1,-0.9937680671241179,0
2,1622.2994048148394,11,131,26.161357744131237,-1.3490135746767267,5,47528.93383173555,16749.469100279282,0,0,2.123500098341728,0,3,0,NA,1,3.686266968345908,1,8.38505033156065,1
2,1622.2994048148394,11,132,28.03021797677502,-0.6995516867619266,5,48054.56355506674,16749.469100279282,0,0,2.171554251264985,0,5,0,cat,1,2.874439608452408,1,5.572355019459634,1
2,1622.2994048148394,11,133,29.788026858586818,-0.0886821016352276,2,13557.484704589635,NA,1,1,-0.9822398149848803,1,2,0,croc,0,0.11085262704403451,1,-1.2809954139152522,0
NA,1622.2994048148394,11,134,28.448305467609316,-0.5542589107865499,1,12181.680627861822,16749.469100279282,1,1,-1.1080186599796513,1,1,0,dog,1,2.6928236384831874,1,2.155961201998546,1
2,1622.2994048148394,11,135,31.007141401059926,0.33498170077705713,5,49571.16862816975,16749.469100279282,0,0,2.3102054136178385,1,2,0,cat,1,1.5812728740286786,1,5.320997658424025,1
2,1622.2994048148394,11,136,25.76083323219791,-1.4882029057635067,1,7759.377544713822,16749.469100279282,1,1,-1.51231472467667,1,2,0,croc,0,NA,1,2.096042636864124,1
2,1622.2994048148394,11,137,34.559926111251116,NA,5,39303.92110759281,16749.469100279282,0,0,1.3715524787573452,0,3,1,dog,1,0.037953699504692295,0,-1.045107986771251,0
2,1622.2994048148394,11,138,25.222068231087178,-1.6754332446898155,2,23725.028587974884,16749.469100279282,0,0,-0.05270199218131222,0,2,0,dog,1,4.094291555862269,1,6.393362687464089,1
2,1622.2994048148394,11,139,33.41710632434115,1.172487010988772,5,82526.12649708071,16749.469100279282,0,0,5.323015600560616,0,2,0,croc,0,-1.465608763735965,1,3.337495539154153,1
2,1622.2994048148394,11,140,31.324424487538636,0.44524316856825225,3,8114.52896278245,16749.469100279282,1,1,-1.479846049871482,0,2,1,cat,0,-0.5565539607103153,0,-3.990735628201157,0
2,1622.2994048148394,11,141,28.10094165150076,-0.6749739625932903,4,21757.092817161614,16749.469100279282,0,0,-0.2326147373633846,1,2,0,dog,0,0.843717453241613,1,2.7397268390928327,1
2,1622.2994048148394,11,142,32.425693662371486,0.8279536275400898,4,36668.354607497444,16749.469100279282,0,0,1.130603555944632,0,1,0,croc,0,-1.0349420344251123,0,NA,0
2,1622.2994048148394,11,143,31.389113136101514,0.46772361471850854,1,31159.499809660956,16749.469100279282,0,0,0.6269726935010855,0,2,0,croc,1,1.4153454816018645,1,0.7509494728187673,1
2,1622.2994048148394,11,144,34.92515987250954,1.6965622132763798,2,29387.46625624597,16749.469100279282,0,NA,0.4649697328974067,0,2,0,cat,0,-2.1207027665954747,0,-5.072267124238467,0
2,1622.2994048148394,11,145,26.282697883434594,-1.306845736453576,5,20865.230756882436,16749.469100279282,0,0,-0.31415060553974034,1,5,0,NA,1,3.63355717056697,1,5.145314874750964,1
2,1622.2994048148394,11,146,33.832395777571946,1.316807419553958,1,37405.09599823476,16749.469100279282,0,0,1.197957972721167,1,1,0,cat,1,0.3539907255575523,1,0.3332256723579028,0
2,1622.2994048148394,11,147,33.10083387885243,NA,2,10370.233397363598,16749.469100279282,1,1,-1.273624900195873,1,1,0,cat,0,-1.3282209484551264,0,-4.574928203047888,0
2,1622.2994048148394,11,148,33.218511783052236,1.1034719057057998,1,10288.535168938395,16749.469100279282,1,1,-1.2810939206641658,0,1,0,cat,1,0.6206601178677502,1,-3.926067302651232,0
2,1622.2994048148394,11,149,33.34702662425116,1.1481330793624556,2,21403.5333202645,16749.469100279282,0,0,-0.26493787545323416,1,3,0,cat,NA,0.5648336507969305,1,-1.7234416695054464,0
2,1622.2994048148394,11,150,32.32732220552862,0.7937678115212431,5,65163.72269776326,16749.469100279282,0,0,3.7357088516193455,1,3,0,cat,0,-0.9922097644015538,0,2.880198686302253,1
2,1622.2994048148394,11,151,NA,1.6636454717388542,2,26174.032242839585,16749.469100279282,0,0,0.17119097071023137,0,2,0,dog,1,-0.07955683967356775,1,-3.433596874594191,0
2,1622.2994048148394,12,152,31.392045826651156,0.4687427764020689,3,33141.321696594205,16749.469100279282,0,0,0.8081549360458842,1,3,1,cat,1,1.4140715294974138,1,1.9711873113491964,1
2,1622.2994048148394,12,153,31.60754634300247,0.5436330061535705,4,50192.60838741692,16749.469100279282,0,NA,2.367018717542509,1,1,1,cat,1,1.320458742308037,1,4.829520174220746,1
2,1622.2994048148394,12,154,30.283593779895455,0.08353614276816722,1,24517.686641827382,16749.469100279282,0,0,0.019764441212673515,1,2,1,croc,0,-0.10442017846020903,1,0.12642631903680596,1
2,1622.2994048148394,12,155,28.174938214942813,-0.6492588518788327,5,22529.917209500974,16749.469100279282,0,0,NA,1,5,1,croc,0,0.8115735648485409,1,1.480244636333659,1
2,1622.2994048148394,12,156,32.6785546913743,0.9158272942850494,2,28105.461592633248,16749.469100279282,0,0,0.347766223622576,1,3,1,cat,1,0.8552158821436882,1,-0.25825276841686784,1
2,1622.2994048148394,12,157,30.263084925245494,0.07640895410671705,2,20872.646433128673,16749.469100279282,0,0,-0.3134726491294604,0,3,1,dog,1,1.9044888073666038,1,0.4243682930788817,1
2,1622.2994048148394,12,NA,32.32301884330809,0.7922723172604604,1,32299.195686138508,16749.469100279282,0,0,0.7311660400781574,0,2,1,dog,0,-0.9903403965755755,0,-2.2929607821551037,0
2,1622.2994048148394,12,159,28.076657406054437,-0.6834131661349296,2,19821.894167520608,16749.469100279282,0,0,-0.4095345874384047,1,2,1,croc,0,0.854266457668662,0,2.161175845842074,1
2,1622.2994048148394,13,160,29.041732512414455,-0.34803254771945813,2,11540.223244441419,16749.469100279282,NA,1,-1.1666620163737378,0,1,0,dog,0,0.43504068464932266,0,-1.0779800990018984,0
2,1622.2994048148394,13,161,27.044024453498423,-1.0422713274760376,1,20398.7964264815,16749.469100279282,0,0,-0.3567929936065596,1,1,0,croc,0,1.302839159345047,0,3.448279758827176,1
2,1622.2994048148394,13,162,34.8563308827579,1.6726429255487314,3,29232.01060385803,16749.469100279282,0,0,0.45075765667521067,0,2,0,cat,0,-2.0908036569359143,0,-4.706265368949021,0
2,1622.2994048148394,13,163,30.663107570726424,0.21542387775094957,5,34242.08828804868,16749.469100279282,0,0,0.9087892871311561,0,3,0,croc,1,1.730720152811313,1,2.4719466715466916,NA
2,1622.2994048148394,13,164,27.80375145142898,-0.778252798023027,2,14218.907321781455,16749.469100279282,1,1,-0.9217711957599176,0,2,0,croc,0,0.9728159975287838,0,-0.2322207521175632,0
2,1622.2994048148394,13,165,26.850557231809944,-1.1095045987783438,4,21772.507800537078,16749.469100279282,0,0,-0.23120546780431275,1,2,0,croc,1,3.3868807484729295,1,5.940252999324984,1
2,1622.2994048148394,13,166,32.580613961908966,0.8817911636257088,1,16698.09629805978,16749.469100279282,1,1,-0.6951186285559405,0,2,0,dog,1,0.8977610454678642,1,-2.8442888555094945,0
2,1622.2994048148394,13,167,30.667812812607735,0.21705903228094295,1,24994.148309742788,16749.469100279282,0,0,0.0633235491470063,1,2,0,dog,0,-0.2713237903511787,0,-0.3390027812292633,1
2,1622.2994048148394,13,168,34.32173571083695,1.4868616758001851,1,14409.94453390607,16749.469100279282,1,1,-0.904306179993135,0,4,0,cat,1,0.14142290524976864,0,-6.26406282223072,0
2,1622.2994048148394,13,169,31.38693316373974,0.4669660358793053,3,18629.05838013076,16749.469100279282,NA,0,-0.5185860942221033,0,5,0,dog,0,-0.5837075448491316,0,-3.836932529676146,0
2,1622.2994048148394,13,170,32.00748134404421,0.6826174718095877,3,8219.332483976717,16749.469100279282,1,NA,-1.4702646959053332,0,2,0,dog,0,-0.8532718397619845,0,-4.822291855304009,0
2,1622.2994048148394,13,171,29.792224685661495,-0.08722328269872393,1,20417.746409483887,16749.469100279282,0,0,-0.35506054709398643,1,3,0,dog,0,0.1090291033734049,1,NA,0
2,1622.2994048148394,13,172,33.50311916321516,1.2023779893210587,4,33887.098761583016,16749.469100279282,0,0,0.87633541279006,0,2,0,dog,0,-1.5029724866513234,0,-2.461536304308725,0
2,1622.2994048148394,13,173,29.22330675413832,-0.2849322966857805,2,34337.30350230178,16749.469100279282,0,0,0.9174940583098896,1,2,0,dog,1,2.3561653708572257,1,4.441683013234476,1
2,1622.2994048148394,13,174,25.313921230845153,-1.6435127074599867,1,29048.75183087629,16749.469100279282,0,0,0.4340037618505752,1,3,NA,croc,0,2.054390884324983,1,5.069303294802062,1
2,1622.2994048148394,13,175,27.581466482952237,-0.8555007445309155,3,24542.487390550756,16749.469100279282,0,0,0.022031776789153714,1,2,0,cat,NA,3.0693759306636443,1,5.506449192129528,1
2,1622.2994048148394,13,176,28.348447347525507,-0.5889613684987072,5,50867.775480838245,16749.469100279282,0,0,NA,1,2,0,dog,0,0.736201710623384,1,6.050234857028223,1
2,1622.2994048148394,13,177,26.33549668593332,-1.2884972214862715,5,34452.01406906496,16749.469100279282,0,0,0.9279811348059003,1,2,0,cat,1,3.610621526857839,1,8.216009936971444,1
2,1622.2994048148394,13,178,29.99546385370195,-0.01659408771229172,4,23132.116832545715,16749.469100279282,0,0,-0.10690720718479779,1,2,0,cat,0,0.02074260964036465,1,0.8633372811743766,0
2,1622.2994048148394,13,179,33.02135632839054,1.0349569084038626,4,21696.518423271733,16749.469100279282,0,0,-0.23815257333044207,0,2,0,dog,0,-1.2936961355048282,0,-3.310835014828338,0
2,1622.2994048148394,14,180,28.371532431337982,-0.5809388947718669,2,19036.69532825766,16749.469100279282,0,0,-0.4813190840570079,1,3,0,croc,0,0.7261736184648336,1,0.9991678973577102,1
2,1622.2994048148394,14,181,30.08920615306124,0.01598301444651082,2,23672.79675964052,16749.469100279282,0,0,-0.05747713360659893,NA,2,0,croc,1,1.9800212319418615,1,2.3462304662121247,1
2,1622.2994048148394,14,182,29.94438561843708,-0.03434467522388347,5,34134.0693936295,16749.469100279282,0,0,0.898913977116106,1,3,NA,croc,1,2.042930844029854,1,4.102502782847457,1
2,1622.2994048148394,14,183,32.97052904032171,1.0172935294683099,2,23442.887374880895,16749.469100279282,0,0,-0.07849592353292453,1,2,0,croc,0,-1.2716169118353873,0,-2.5937499006800318,0
2,1622.2994048148394,14,184,30.66958895418793,0.21767627280205196,5,36692.42064488581,16749.469100279282,0,0,1.1328037226962155,0,2,0,croc,1,1.727904658997435,1,NA,1
2,NA,14,185,26.0669681802392,-1.3818156126750714,4,37139.41971596556,16749.469100279282,0,0,1.1736692992889717,0,1,0,cat,0,1.7272695158438391,1,6.132739172168573,1
2,1622.2994048148394,14,186,33.07648445246741,1.0541149036968105,3,23404.715468279497,16749.469100279282,0,0,-0.0819856779280352,NA,1,0,cat,0,-1.317643629621013,0,-2.0863680686721042,0
2,1622.2994048148394,14,187,30.671120709739625,0.21820858486854663,2,38076.107152654324,16749.469100279282,0,0,1.2593031957868186,1,3,0,dog,0,-0.2727607310856833,1,0.9085170538472063,0
2,1622.2994048148394,14,188,27.122409278526902,-1.0150312184739585,1,19977.17681929706,NA,0,0,-0.3953383272887618,1,3,0,dog,1,3.268789023092448,1,4.216722635134272,1
2,1622.2994048148394,14,189,32.495792547706515,0.8523142263773855,5,22792.649961325376,16749.469100279282,0,0,-0.13794196838250725,0,2,0,croc,0,-1.065392782971732,0,-2.39786331094165,0
2,1622.2994048148394,14,190,28.072183500044048,-0.6849679273702043,2,19567.618247011535,16749.469100279282,0,0,-0.4327810162959787,1,1,0,croc,1,2.8562099092127555,1,4.554465097775037,1
2,1622.2994048148394,14,191,29.895184433553368,-0.05144295462652114,4,34869.0268460447,16749.469100279282,0,0,0.9661053025735399,1,1,0,dog,1,2.0643036932831516,1,4.815142884179001,1
2,1622.2994048148394,14,192,34.897098927758634,1.6868105401248705,1,14124.280203778635,16749.469100279282,1,1,-0.9304222019670559,0,2,0,croc,0,-2.108513175156088,0,-7.607704239698337,0
2,1622.2994048148394,14,193,29.241091781295836,-0.27875168611224627,5,38407.15666471039,16749.469100279282,0,0,1.2895684246568535,1,2,0,cat,1,2.348439607640308,1,5.847427891965009,1
2,1622.2994048148394,14,194,27.444030046463013,-0.9032623298819522,2,25512.8139288103,16749.469100279282,0,0,NA,1,2,0,dog,1,3.1290779123524404,1,5.450529680189428,1
2,1622.2994048148394,14,195,NA,-0.9980244457328844,5,50938.50736145447,16749.469100279282,0,0,2.4352103394632425,0,4,0,dog,1,3.2475305571661055,1,7.3862063627031445,1
2,1622.2994048148394,14,196,31.891175066120923,0.6421989891874051,5,27687.590306977094,16749.469100279282,0,0,0.3095635692218729,1,2,0,cat,1,1.1972512635157435,1,1.6609963991375938,1
2,1622.2994048148394,14,197,34.80212708702311,1.6538061506550483,1,16669.014316352073,16749.469100279282,1,1,-0.6977773632778599,0,5,0,dog,0,-2.0672576883188105,0,-8.726293071854002,0
2,1622.2994048148394,14,198,29.77033039322123,-0.0948319354242934,2,17433.450660334805,16749.469100279282,0,0,-0.6278910167808683,1,1,0,dog,1,2.1185399192803667,1,2.379334565978789,1
2,1622.2994048148394,14,199,32.73523621959612,0.9355251249124151,2,13791.787225598862,16749.469100279282,1,1,-0.9608193954859098,0,5,0,cat,1,0.8305935938594811,1,-4.6553198922639725,0
2,1622.2994048148394,14,200,30.743129446636885,0.24323289080366503,1,7137.694093734074,16749.469100279282,1,1,-1.5691503074019173,1,2,0,dog,0,-0.3040411135045813,0,-3.0488141314763304,0
2,1622.2994048148394,14,201,34.65939700603485,1.6042049304879675,5,36652.94539565572,NA,0,0,1.129194814031073,1,1,0,cat,0,-2.0052561631099595,0,-1.612484769490422,0
2,1622.2994048148394,14,202,32.96923840884119,1.0168450122687374,2,27067.106679005377,16749.469100279282,0,0,0.252837676789525,1,2,0,dog,0,-1.2710562653359216,0,-2.243548805559556,0
2,1622.2994048148394,14,203,30.319050871767104,0.09585810747408484,1,21576.548730460196,16749.469100279282,0,0,-0.2491204499717888,1,2,0,dog,0,-0.11982263434260605,0,-0.4024665087169375,1
3,1609.2747328802943,15,204,NA,0.3207669124467291,3,15068.984214457085,16749.469100279282,1,1,-0.8440554137484373,1,1,1,dog,0,-0.4009586405584114,0,-1.64908683894582,0
3,1609.2747328802943,15,205,27.63886473607272,-0.8355538393619268,3,16791.121802425216,16749.469100279282,0,0,-0.68661404516935165,0,1,1,croc,0,1.0444422992024085,1,1.876252034821305,1
3,1609.2747328802943,15,206,27.795427087694407,-0.7811456612197024,2,13708.022848980381,16749.469100279282,1,1,-0.9684773074815173,1,1,1,dog,1,2.976432076524628,1,3.367061565623442,1
3,1609.2747328802943,16,207,25.651032442692667,-1.5263606164371026,3,20010.162691906782,16749.469100279282,0,0,-0.3923226908124815,0,2,1,cat,0,1.9079507705463783,1,3.958112968392763,1
3,1609.2747328802943,16,208,30.63081346452236,0.20420110634329805,3,27431.438260261697,16749.469100279282,0,0,0.2861456210387732,1,2,NA,croc,1,1.7447486170708775,1,2.386770233076111,1
3,1609.2747328802943,16,209,27.623556822072715,-0.8408736094297055,5,41453.79798108579,16749.469100279282,0,NA,1.5680986546285869,1,3,1,croc,0,1.0510920117871319,1,5.221836144571451,1
3,1609.2747328802943,16,210,25.032823311630636,-1.7411991915068543,5,26145.0044507355,16749.469100279282,0,0,0.1685371901135903,0,4,1,croc,1,4.176498989383568,1,6.642240447259282,1
3,1609.2747328802943,17,211,30.89516543550417,0.2960680780670027,2,5905.238581928975,16749.469100279282,1,1,-1.6818239310700298,1,1,0,croc,0,-0.37008509758375335,1,-2.774001484916775,0
3,NA,17,212,30.200511647854,0.05466363674277174,1,24243.91902392161,16749.469100279282,0,0,-0.005263958804177154,0,5,0,croc,1,1.9316704540715353,1,-0.35424384337903125,1
3,1609.2747328802943,17,213,33.44634734792635,1.1826487823457128,2,27197.385309323035,16749.469100279282,0,0,0.264748017750157,1,3,0,cat,0,-1.478310977932141,0,-3.213089915796822,0
3,1609.2747328802943,NA,214,25.295568136498332,-1.6498907313995848,2,16512.514137343773,16749.469100279282,1,1,-0.7120849322770417,1,2,0,dog,0,2.062363414249481,1,3.819745491526881,1
3,1609.2747328802943,17,215,30.997693492099643,0.3316983858008954,3,NA,16749.469100279282,0,0,-0.6511794478332118,1,3,0,croc,1,1.5853770177488808,1,0.48723043469709537,1
3,1609.2747328802943,18,216,27.684197695925832,-0.8197998363729937,2,19390.2117098776,16749.469100279282,0,0,-0.44899988765468224,1,4,1,cat,0,1.0247497954662421,1,1.2414254744939737,1
3,1609.2747328802943,18,217,26.206089043989778,-1.3334686591460916,4,30496.71874258052,16749.469100279282,0,0,0.5663798819867818,1,1,1,dog,1,3.6668358239326144,1,8.197773560540185,1
3,1609.2747328802943,19,218,26.00705461576581,-1.402636632896336,4,NA,16749.469100279282,0,0,1.1828452877906734,1,2,1,croc,1,3.75329579112042,1,8.698508758742951,1
3,1609.2747328802943,19,219,32.481611403636634,0.8473860287307445,1,28294.11039266075,16749.469100279282,0,0,0.3650128858315898,0,2,1,croc,1,0.9407674640865693,1,-0.8643137229825009,1
3,1609.2747328802943,19,220,25.15960629330948,-1.6971398695745095,4,21690.902836471683,16749.469100279282,0,0,-0.23866596185256217,1,3,1,cat,0,2.1214248369681368,1,5.373698967935691,1
3,1609.2747328802943,19,221,25.49461145652458,NA,5,37764.076812172156,16749.469100279282,0,0,1.2307767387912003,1,2,1,cat,1,3.975899584489053,1,9.386679704822978,1
3,1609.2747328802943,19,222,32.476237860973924,0.8455186278938305,2,34614.90849560815,16749.469100279282,0,0,0.9428732790968362,1,2,1,croc,1,0.9431017151327119,1,NA,1
3,1609.2747328802943,19,223,28.572376638185233,-0.5111419910348559,1,11355.277103555605,16749.469100279282,1,1,-1.1835701738507707,1,2,1,cat,1,2.63892748879357,1,1.4333669609119277,1
3,1609.2747328802943,19,224,32.58958196034655,0.8849077012320821,3,23841.267047431294,16749.469100279282,0,0,-0.04207523258544628,1,2,1,dog,0,NA,0,-1.91015478602826,0
3,1609.2747328802943,19,225,28.759563425555825,-0.44609128141253646,1,7430.804446837581,16749.469100279282,1,1,-1.5423535546571132,0,2,1,croc,1,2.5576141017656706,1,0.08653310357921531,1
3,1609.2747328802943,19,226,32.994627088773996,1.0256680262709652,1,18838.07744886762,16749.469100279282,0,0,-0.4994771400531832,1,2,1,cat,0,-1.2820850328387066,0,-3.2949147259390426,0
3,1609.2747328802943,19,227,25.256927656009793,-1.6633189797884544,1,12771.414978571836,16749.469100279282,1,1,-1.054103929865996,1,2,0,croc,0,2.079148724735568,1,3.0308182396632857,1
3,1609.2747328802943,19,228,30.06358550162986,0.007079386257744172,1,11232.623380177005,16749.469100279282,1,1,NA,1,3,1,dog,0,-0.008849232822180215,1,-2.5985723346782557,0
3,1609.2747328802943,19,229,33.212286464404315,1.1013084976930827,2,15981.697454027182,16749.469100279282,1,1,-0.760613287775384,1,1,0,cat,0,-1.3766356221163534,0,-3.896503643256787,0
3,1609.2747328802943,19,230,30.44756576186046,0.1405192981224191,2,25605.06035862855,16749.469100279282,0,0,0.11917438808694797,1,2,1,croc,1,1.824350877346976,1,2.227136926996464,1
3,1609.2747328802943,19,231,27.666844544000924,-0.8258303626871417,2,8521.314482938233,16749.469100279282,1,1,-1.4426568790067749,0,1,1,dog,1,3.032287953358927,1,1.9697493946132536,1
3,1609.2747328802943,19,232,28.44637322006747,-0.5549304008822378,2,18454.980035452136,16749.469100279282,0,0,-0.5345006953652794,1,2,0,croc,0,0.6936630011027972,1,1.5698276042610706,0
3,1609.2747328802943,20,233,28.69175952859223,-0.46965433131898254,1,10779.588296460892,16749.469100279282,1,1,-1.2362008314114081,1,1,0,croc,1,2.587067914148728,1,1.9712595864676954,1
3,1609.2747328802943,20,234,29.29252084577456,-0.2608791792620182,3,NA,16749.469100279282,0,0,-0.5789517172925557,1,3,1,cat,1,2.3260989740775226,1,2.4729617290161174,1
3,1609.2747328802943,20,235,34.185143732465804,1.4393935545370744,3,30446.524981232018,16749.469100279282,0,0,0.5617910648469363,1,1,0,dog,1,0.20075805682865688,0,-0.35252020336816087,1
3,1609.2747328802943,20,236,32.843448154162616,NA,5,38487.73742951439,16749.469100279282,0,0,1.2969352842971797,1,2,0,cat,1,0.7835866494055279,1,1.954758936615052,1
3,1609.2747328802943,20,237,32.37831532256678,0.811488818948007,2,20890.17341585724,16749.469100279282,0,0,-0.3118702962355181,1,3,0,dog,1,0.9856389763149913,1,-1.024167762981089,1
3,1609.2747328802943,20,238,27.807726238388568,-0.7768714894597957,3,31095.256378687354,16749.469100279282,0,0,0.6210994265999005,1,3,0,dog,0,0.9710893618247446,1,3.4352357176973425,1
3,1609.2747328802943,20,239,29.568266281858087,-0.1650527774934108,3,20687.925520734596,16749.469100279282,0,0,-0.3303602157534572,0,1,0,croc,1,2.2063159718667635,1,2.3189226306437307,1
3,1609.2747328802943,20,240,27.87537641590461,-0.7533618597721938,2,9126.880309466631,16749.469100279282,1,1,-1.3872948027362926,0,2,0,cat,1,2.9417023247152425,1,1.1359663415489978,1
4,1623.3794416766614,21,241,31.96291067637503,0.667128378797481,5,48841.42716133725,16749.469100279282,0,0,2.243490944315433,1,3,0,dog,1,1.1660895265031488,1,3.5652661264403682,1
4,1623.3794416766614,21,242,33.20756298257038,1.0996670044578936,2,19920.137595980596,16749.469100279282,0,0,-0.4005529706740372,0,1,NA,cat,0,-1.374583755572367,0,-3.7548963734745904,0
4,1623.3794416766614,21,243,31.551535315811634,0.5241681864586564,2,18901.236830431266,16749.469100279282,0,0,-0.49370297918388756,1,1,1,dog,1,1.3447897669266795,1,0.6783108649270074,1
4,1623.3794416766614,21,244,29.135046773590147,-0.3156041963778459,4,31006.266764954584,16749.469100279282,0,0,0.6129638126551737,0,3,1,croc,1,2.3945052454723075,1,3.1600071712008675,1
4,1623.3794416766614,21,245,34.5182941458188,1.5551691982350235,3,33527.607557165655,16749.469100279282,0,NA,0.8434699857701484,0,5,1,croc,1,0.05603850220622064,0,-3.3466942113455653,0
4,1623.3794416766614,21,246,27.431094602216035,-0.9077576248724042,2,25437.14856373321,16749.469100279282,0,0,0.10382354563766157,1,1,1,dog,0,1.1346970310905053,0,3.73526997724403,1
4,1623.3794416766614,21,247,31.086850266437978,0.3626819371498665,1,24010.684865506766,16749.469100279282,0,0,-0.026586706392277556,1,2,1,croc,0,-0.4533524214373331,1,-0.8681853546503805,0
4,1623.3794416766614,21,248,32.57951468927786,0.8814091470008898,1,17103.28283903669,16749.469100279282,NA,0,-0.6580756396641547,1,2,1,cat,0,-1.1017614337511121,0,-3.2098583015949846,0
4,1623.3794416766614,21,249,31.93667361745611,0.6580105381365398,3,21472.32203743239,16749.469100279282,0,0,-0.25864906911779495,1,3,1,croc,0,-0.8225131726706747,0,-1.8895969531804138,0
4,1623.3794416766614,21,250,26.154277962632477,-1.351473923598435,4,26493.20365791743,16749.469100279282,0,0,0.20037027946712813,1,2,1,dog,1,3.689342404498044,1,7.436425563022703,1
4,1623.3794416766614,21,251,31.359116644598544,0.4572993049375787,2,29219.906109946718,16749.469100279282,0,0,0.44965103888771857,0,3,1,dog,1,1.4283758688280266,1,0.11576984555064151,1
4,1623.3794416766614,21,252,28.09025368420407,-0.6786882197095971,1,11629.334657281484,16749.469100279282,1,1,-1.1585152673035262,1,3,1,dog,0,0.8483602746369965,1,-0.23881029946674756,0
4,1623.3794416766614,21,253,28.52998502086848,-0.5258738256222676,5,24881.922774260165,16749.469100279282,0,0,0.053063659333700705,1,2,1,croc,0,0.6573422820278345,NA,2.962995060139621,1
4,1623.3794416766614,21,254,34.80958316242322,1.656397268343364,3,28824.673031643888,NA,0,0,0.4135180160732406,0,3,1,cat,0,-2.070496585429205,0,-5.378446819714727,0
4,1623.3794416766614,21,255,30.388827635906637,0.1201067635153869,4,35961.033395343744,16749.469100279282,0,0,1.0659387925456247,1,3,1,cat,1,1.8498665456057664,1,3.370974808717203,1
4,1623.3794416766614,21,256,29.440338630229235,-0.2095098924194671,3,13235.15328709888,16749.469100279282,1,1,-1.0117080176768944,0,4,0,cat,1,2.261887365524334,1,-0.717992939270383,1
4,1623.3794416766614,21,257,34.493667776696384,1.5466111006826426,4,37962.50197925578,16749.469100279282,0,0,1.2489171766310354,1,NA,1,cat,0,-1.9332638758533034,0,-3.0944287919783706,0
4,1623.3794416766614,21,258,NA,-0.18014636086974084,2,21852.844690792976,16749.469100279282,0,0,-0.22386090367793565,0,2,1,cat,1,2.225182951087176,1,1.705856235474615,1
4,1623.3794416766614,21,259,26.906258035451174,-1.0901475872376634,1,15572.19060184854,16749.469100279282,1,1,-0.7980512484238056,1,2,0,dog,1,3.362684484047079,1,3.6513688208506316,1
4,1623.3794416766614,21,260,34.916091496124864,1.6934107925632418,4,41896.99421424996,16749.469100279282,0,0,1.6086165679393285,1,1,1,cat,0,-2.1167634907040522,NA,-1.6944866919711075,0
NA,1623.3794416766614,22,261,30.484554476570338,0.15337352877456126,1,29174.81379059556,16749.469100279282,0,0,0.44552860609219036,1,2,0,dog,0,-0.19171691096820156,0,0.47928947630354113,1
4,1623.3794416766614,22,262,32.68815767019987,0.9191644987740321,3,16669.76831151683,16749.469100279282,1,1,-0.6977084314854929,0,3,0,dog,1,0.85104437653246,1,-3.1121512373386673,0
NA,1623.3794416766614,22,263,34.13421672768891,1.4216955222869803,1,24757.022354972585,16749.469100279282,0,0,0.04164500551293402,1,2,0,croc,1,0.22288059714127462,1,-1.9485669154122292,0
4,1623.3794416766614,22,264,31.821120020467788,0.6178536254126736,NA,23512.76477019546,16749.469100279282,0,0,-0.07210758799694271,1,1,1,dog,1,1.227682968234158,1,1.5516304921127264,1
4,NA,22,265,29.07251420430839,-0.3373353669557764,5,35927.41403184316,16749.469100279282,0,0,1.0628652410261235,0,1,1,croc,1,2.4216692086947207,1,5.166840800340038,1
4,1623.3794416766614,22,266,29.075922993943095,-0.33615075244422044,2,25939.313604038824,16749.469100279282,0,0,0.1497325088649077,1,3,0,dog,0,0.42018844055527554,1,1.2494967815978013,1
4,1623.3794416766614,22,267,26.460827903356403,-1.24494241323445,5,35936.730232131566,16749.469100279282,0,0,1.0637169472623795,1,2,0,cat,0,1.5561780165430625,1,6.349782341427664,1
4,1623.3794416766614,22,268,26.966677140444517,-1.0691508827705836,2,11882.89547448965,16749.469100279282,1,1,-1.1353342146639485,1,2,1,croc,1,3.3364386034632294,1,NA,1
4,1623.3794416766614,22,269,26.922093394678086,-1.0846445206521163,3,21455.143686132782,16749.469100279282,0,0,-0.2602195494077778,0,1,0,dog,0,1.3558056508151453,1,3.1313267181982156,1
4,1623.3794416766614,22,NA,29.084144006483257,-0.33329380561018596,1,29779.285251821333,16749.469100279282,0,0,0.5007906332306089,1,3,0,croc,0,0.41661725701273244,1,1.4602544652874612,1
4,1623.3794416766614,22,271,28.482213062234223,-0.5424754236990278,2,23201.795290452286,16749.469100279282,0,0,-0.10053705891677575,1,NA,0,croc,0,0.6780942796237848,1,1.6312875935353732,1
4,1623.3794416766614,22,272,33.34542848402634,1.1475776974513683,3,18892.97905226355,16749.469100279282,0,0,-0.4944579222878714,1,2,0,dog,1,NA,1,-1.2841396045355828,0
4,1623.3794416766614,22,273,26.98400007095188,-1.063130858931983,4,23307.422823841644,16749.469100279282,0,0,-0.09088037205700249,1,1,0,croc,1,3.3289135736649786,1,6.446044556890441,1
4,1623.3794416766614,22,274,33.618053095415235,1.2423195576033133,2,31621.934441453195,16749.469100279282,0,0,0.6692494208754856,1,2,0,croc,0,-1.5528994470041415,0,-2.431927355615988,0
4,1623.3794416766614,22,275,28.97185310255736,-0.3723168749577546,3,29148.099409119513,16749.469100279282,0,0,0.44308632226439537,0,2,0,cat,0,0.46539609369719326,1,1.4742038329445317,1
4,1623.3794416766614,22,276,26.532537669409066,-1.2200220049401351,2,15217.122776740449,16749.469100279282,1,1,-0.8305122809882095,1,2,0,croc,0,1.525027506175169,1,2.3182928071947964,1
NA,1623.3794416766614,23,277,28.392833832185715,-0.5735362823302571,5,34507.03466094581,16749.469100279282,0,0,0.9330112307438054,1,2,0,croc,1,2.7169203529128216,1,6.157599533099772,1
4,1623.3794416766614,23,278,28.67180439643562,-0.47658909164917995,3,31713.71370372253,16749.469100279282,0,0,0.677640070240448,1,3,0,croc,0,0.5957363645614749,0,2.4745258455031878,1
4,1623.3794416766614,23,279,29.273790828883648,-0.26738819043266104,5,57133.999558924574,16749.469100279282,0,0,3.0016150085243254,0,2,0,dog,1,2.3342352380408262,1,6.8591615882462476,1
4,1623.3794416766614,NA,280,26.86336904298514,-1.1050522684605861,2,15316.336543693269,16749.469100279282,1,1,-0.8214419538784179,0,4,0,cat,1,3.3813153355757324,1,2.173905477790664,1
4,1623.3794416766614,23,281,31.58016600413248,0.5341178555480627,1,NA,16749.469100279282,1,1,-0.9130272769753919,0,2,0,dog,0,-0.6676473194350784,0,-4.314087566071334,0
4,1623.3794416766614,23,282,34.20411381172016,1.4459859916124786,5,46674.63932605083,16749.469100279282,0,NA,2.045398733454101,0,3,0,cat,0,-1.8074824895155983,0,-2.147825513984245,0
4,1623.3794416766614,23,283,32.33894062694162,0.7978054178513886,3,21841.178406312945,16749.469100279282,0,0,-0.22492745945582562,1,3,0,dog,0,-0.9972567723142357,0,-2.4901910016244004,0
4,1623.3794416766614,23,284,NA,1.3136091932396647,2,36038.06898381289,16749.469100279282,0,0,1.0729815448568307,1,2,0,croc,1,0.3579885084504191,1,-0.11046525542035251,1
4,1623.3794416766614,23,285,34.53346531139687,1.5604414458146412,3,36642.83933032497,16749.469100279282,0,0,1.128270896704293,1,3,0,croc,0,-1.9505518072683015,0,-3.092929880144713,0
4,NA,23,286,26.949015350546688,-1.0752886662231063,5,19082.506956271485,16749.469100279282,0,0,-0.4771308905806421,1,4,0,croc,0,1.3441108327788829,1,2.751209156558067,1
4,1623.3794416766614,23,287,29.72616735380143,-0.11017937043127826,2,25417.783074944142,16749.469100279282,0,NA,0.10205311272948064,0,2,0,dog,1,2.137724213039098,1,2.132953044607633,1
NA,1623.3794416766614,23,288,28.860506559722126,-0.4110117621726521,2,12120.08893842854,16749.469100279282,1,1,-1.1136494992025006,0,2,0,dog,1,2.5137647027158154,1,0.5372524498915091,1
4,1623.3794416766614,24,289,28.741658572107553,-0.45231353373522737,4,17042.3588432951,16749.469100279282,0,0,-0.6636454369532199,1,1,1,dog,1,2.565391917169034,1,4.12244379214638,1
4,1623.3794416766614,24,290,25.278556565754116,-1.6558025522297093,1,17272.712033652428,16749.469100279282,0,0,-0.6425860734042214,0,2,1,croc,0,2.0697531902871367,1,3.319450141209148,1
4,1623.3794416766614,24,291,34.293552117887884,1.4770673802369336,4,29972.439311635782,16749.469100279282,0,0,0.5184491755772012,1,1,1,cat,1,0.15366577470383302,1,-0.3247238335226692,0
5,1860.9153835568577,25,292,29.10529275657609,-0.32594424199787675,5,34075.51989993086,16749.469100279282,0,0,0.893561261698982,1,2,1,dog,0,0.4074303024973459,1,3.386307802399516,1
5,1860.9153835568577,25,293,34.558402160182595,1.5691074405252856,2,33841.96461236353,16749.469100279282,0,0,0.8722091558217349,1,3,1,dog,1,0.03861569934339304,1,-1.6340885064857928,0
5,1860.9153835568577,25,294,27.721528401598334,-0.8068267578303799,2,24263.01977079667,16749.469100279282,0,0,-0.0035177291475561156,0,2,1,dog,0,1.008533447287975,1,1.9962761930546962,1
5,1860.9153835568577,25,295,NA,0.04491691059707895,3,20131.05107580396,16749.469100279282,0,0,-0.3812708255381502,1,3,1,cat,0,-0.05614613824634869,1,-0.3108650834622316,0
5,1860.9153835568577,25,296,34.783098422922194,1.647193354312331,1,17619.247211331727,16749.469100279282,0,0,-0.6109051130583079,1,4,1,cat,0,-2.0589916928904137,0,-6.443137573037311,0
5,1860.9153835568577,25,297,28.69696486275643,-0.4678453859016317,2,17811.692838532752,16749.469100279282,0,0,-0.59331133708171,1,1,1,croc,0,0.5848067323770396,0,1.6364703611552922,1
5,1860.9153835568577,25,298,28.104304391890764,NA,3,25214.252354373977,16749.469100279282,0,0,0.08344591466450979,0,1,1,dog,1,2.842256688757925,1,4.242295440027864,1
5,1860.9153835568577,25,299,25.342096325475723,-1.633721365212278,1,10119.364585017443,16749.469100279282,1,1,-1.2965598442012407,1,1,1,cat,1,4.042151706515348,1,5.200547247949148,1
5,1860.9153835568577,25,300,31.675658475141972,0.5673031732193258,2,20824.693553315254,16749.469100279282,0,0,-0.3178566002596606,1,1,1,dog,0,-0.7091289665241572,1,-1.2163806087332782,0
5,1860.9153835568577,25,301,34.20916376868263,1.4477409407121726,4,30443.72160299929,16749.469100279282,0,0,0.5615347742295725,0,5,1,cat,NA,-1.8096761758902158,0,-5.158053550018904,0
5,1860.9153835568577,25,302,25.449895979836583,-1.5962590842910744,3,19909.146243262647,16749.469100279282,0,0,-0.4015578227988265,1,3,1,croc,1,3.995323855363843,1,6.538009667797413,1
5,1860.9153835568577,25,303,27.011326318606734,-1.0536345059776246,2,22094.539956340206,16749.469100279282,0,0,-0.20176462423272695,1,2,1,dog,0,1.3170431324720309,1,3.4734217641263387,1
5,1860.9153835568577,25,304,32.43514884263277,0.8312394694215778,4,23368.920063873873,16749.469100279282,0,0,-0.08525816759311043,0,3,1,croc,0,-1.0390493367769722,0,-3.1583168444703897,0
5,1860.9153835568577,25,305,26.30556831136346,-1.2988978594317147,5,27761.64584434168,16749.469100279282,0,0,0.31633387911755123,0,2,1,cat,0,1.6236223242896433,1,4.45676636799925,1
5,1860.9153835568577,25,306,32.08883593790233,0.7108896278513976,3,24001.273643502715,16749.469100279282,0,0,-0.027447099709670787,0,1,1,croc,1,1.111387965185753,1,0.08628343855683217,1
5,1860.9153835568577,25,307,34.98831811361015,1.7185108158449904,4,34589.465191680545,16749.469100279282,0,0,0.9405471997989201,0,1,1,dog,1,-0.14813851980623793,0,-1.5081370956144673,0
5,1860.9153835568577,25,308,34.43913046037778,1.5276584215045006,2,20116.471876988606,16749.469100279282,0,0,-0.3826036859497182,1,3,1,dog,1,0.09042697311937431,0,-3.06618066919669,0
5,1860.9153835568577,25,309,30.929038990288973,NA,4,31351.471996311226,16749.469100279282,0,0,0.644523186566508,0,5,0,dog,1,1.6152003303627476,1,0.635972249878848,0
5,1860.9153835568577,25,310,32.312956363894045,0.7887754282137578,3,35802.84122871954,16749.469100279282,0,0,1.0514765385504656,0,3,1,cat,0,-0.9859692852671973,0,-1.6951072594917058,0
5,1860.9153835568577,25,311,29.867341755889356,-0.06111877611622747,2,19502.039996950818,16749.469100279282,0,0,-0.43877631510991516,1,1,1,cat,1,2.0763984701452842,1,2.5664782632428516,1
5,1860.9153835568577,25,312,32.681519959587604,0.916857777281234,1,16083.795465721987,16749.469100279282,1,1,-0.7512792770652414,1,1,1,dog,1,0.8539277783984576,1,-1.603753358075078,0
5,1860.9153835568577,25,313,NA,-1.7416748347074074,2,26219.843690696805,16749.469100279282,0,0,0.17537914771630908,1,3,1,croc,1,4.1770935433842595,1,7.37270433594411,1
5,1860.9153835568577,25,314,30.57941298233345,NA,5,22250.739191537235,16749.469100279282,0,0,-0.18748456813718467,1,2,1,dog,1,1.7670768345714687,1,2.2858398125143133,1
5,1860.9153835568577,NA,315,29.60255289217457,-0.15313757576918002,2,26523.357112100173,16749.469100279282,0,0,0.20312697041161817,1,5,0,dog,0,0.19142196971147502,1,-0.15818073717683506,0
5,1860.9153835568577,26,316,28.29715145053342,-0.6067875972989399,5,28826.146848719083,16749.469100279282,0,0,0.4136527554686148,0,3,0,croc,0,0.7584844966236749,1,2.102177739339086,1
NA,1860.9153835568577,26,317,33.35475627332926,1.1508192687283028,2,13726.560392980007,16749.469100279282,1,1,-0.9667825669928437,1,2,0,dog,0,-1.4385240859103785,0,-4.905086552245304,0
5,1860.9153835568577,26,318,34.77701663039625,1.6450798241580613,3,12793.076748314617,16749.469100279282,1,1,-1.0521235662191097,0,2,0,cat,0,-2.0563497801975767,0,-7.321255996984236,0
5,1860.9153835568577,26,319,31.605149472597986,0.5428000514195614,3,19807.226145128043,16749.469100279282,0,0,-0.4108755682845163,1,2,NA,croc,0,-0.6785000642744519,0,-1.2674492644696906,0
5,1860.9153835568577,26,320,27.33574859565124,-0.9408920435662566,5,22990.46821407466,16749.469100279282,0,0,-0.11985701590230687,1,5,0,croc,0,1.1761150544578207,1,2.4424110851764493,1
5,1860.9153835568577,26,321,33.192004202865064,1.0942600541335399,3,16458.61565207056,16749.469100279282,1,1,-0.7170124429155886,1,3,0,cat,0,-1.3678250676669248,0,-4.549207503536149,0
5,1860.9153835568577,26,322,32.24684895016253,0.7658019361476883,2,37980.73997717765,16749.469100279282,0,0,1.2505845319997486,1,5,0,croc,1,1.0427475798153896,1,0.30111007563298187,1
5,1860.9153835568577,26,323,34.76357153151184,1.6404074151934203,3,16231.541948383037,16749.469100279282,1,1,-0.7377719890323805,1,3,0,croc,0,-2.0505092689917754,0,-6.28668144853446,0
